judul berita,link berita,gambar
Polres Lotara Datangi Dusun-dusun Bantu Petugas Vaksinasi COVID-19,https://news.detik.com/berita/d-5546064/polres-lotara-datangi-dusun-dusun-bantu-petugas-vaksinasi-covid-19,https://akcdn.detik.net.id/community/media/visual/2021/04/25/polda-ntb-7_43.jpeg?w=210&q=90
"Kepala BIN Daerah Papua Gugur Ditembak KKB, Anggotanya Selamat",https://news.detik.com/berita/d-5546061/kepala-bin-daerah-papua-gugur-ditembak-kkb-anggotanya-selamat,https://akcdn.detik.net.id/community/media/visual/2016/03/08/b6443d6c-2855-4e8b-88ca-d851d1340ac4_43.jpg?w=210&q=90
"Kru KRI Nanggala Gugur, Khofifah: Kami Berduka, Prajurit Mayoritas Warga Jatim",https://news.detik.com/berita-jawa-timur/d-5546042/kru-kri-nanggala-gugur-khofifah-kami-berduka-prajurit-mayoritas-warga-jatim,https://akcdn.detik.net.id/community/media/visual/2021/04/24/kri-nanggala-402_43.jpeg?w=210&q=90
"Kabinda Papua Gugur Ditembak KKB, Jenazah Akan Dibawa ke Timika",https://news.detik.com/berita/d-5546040/kabinda-papua-gugur-ditembak-kkb-jenazah-akan-dibawa-ke-timika,https://akcdn.detik.net.id/community/media/visual/2016/02/23/267bfe58-78ed-42ba-bbc5-e2e07b1df3b1_43.jpg?w=210&q=90
"53 Awak KRI Nanggala-402 Gugur, Kapolri Ucapkan Duka Cita",https://news.detik.com/berita/d-5546039/53-awak-kri-nanggala-402-gugur-kapolri-ucapkan-duka-cita,https://akcdn.detik.net.id/community/media/visual/2021/04/24/kapolri-jenderal-listyo-sigit-prabowo-dalam-konferensi-pers-kri-nanggala-402_43.jpeg?w=210&q=90
53 Awak KRI Nanggala-402 Dipastikan Gugur,https://news.detik.com/detiktv/d-5546036/53-awak-kri-nanggala-402-dipastikan-gugur,https://akcdn.detik.net.id/community/media/visual/2021/04/24/kri-nanggala-402_43.jpeg?w=210&q=90
Ganjar Didesak Jelaskan Penolakan Tambang di Purworejo Berujung Bentrok,https://news.detik.com/berita-jawa-tengah/d-5546035/ganjar-didesak-jelaskan-penolakan-tambang-di-purworejo-berujung-bentrok,https://akcdn.detik.net.id/community/media/visual/2021/04/24/ke-11-orang-yang-ditangkap-usai-aksi-ricuh-tolak-tambang-andesit-di-purworejo-akhirnya-dibebaskan-sabtu-2442021-dini-hari-tadi_43.jpeg?w=210&q=90
KRI Nanggala-402 akan Diangkat dari Kedalaman 838 Meter,https://news.detik.com/berita/d-5546018/kri-nanggala-402-akan-diangkat-dari-kedalaman-838-meter,https://akcdn.detik.net.id/community/media/visual/2021/04/21/ini-potret-kapal-selam-kri-nanggala-402-yang-hilang-kontak-di-bali-5_43.jpeg?w=210&q=90
Nama 53 Awak KRI Nanggala-402 yang Gugur dan Akan Diberi Kenaikan Pangkat,https://news.detik.com/berita/d-5546014/nama-53-awak-kri-nanggala-402-yang-gugur-dan-akan-diberi-kenaikan-pangkat,https://akcdn.detik.net.id/community/media/visual/2021/04/21/kapal-selam-kri-nanggala-402-saat-latihan-pratugas-satgas-operasi-pengamanan-perbatasan-pamtas-maphilindo-2017-di-laut-jawa-ju_43.jpeg?w=210&q=90
Awak KRI Nanggala Diduga Keluarkan Escape Suit tapi Tak Sempat Pakai,https://news.detik.com/berita/d-5545998/awak-kri-nanggala-diduga-keluarkan-escape-suit-tapi-tak-sempat-pakai,https://akcdn.detik.net.id/community/media/visual/2021/04/25/escape-suit-kri-nanggala-502-foto-tangkapan-layar-youtube-puspen-tni_43.jpeg?w=210&q=90
Refleksi Strategis KRI Nanggala-402,https://news.detik.com/kolom/d-5545996/refleksi-strategis-kri-nanggala-402,https://akcdn.detik.net.id/community/media/visual/2021/04/21/ini-potret-kapal-selam-kri-nanggala-402-yang-hilang-kontak-di-bali-4_43.jpeg?w=210&q=90
"Makin Tegang, Penjaga Pantai Filipina Latihan di Laut China Selatan",https://news.detik.com/internasional/d-5545995/makin-tegang-penjaga-pantai-filipina-latihan-di-laut-china-selatan,https://akcdn.detik.net.id/community/media/visual/2021/03/22/220-kapal-al-china-ini-bikin-filipina-geram-4_43.jpeg?w=210&q=90
"Retrofit Disorot, TNI AL Pastikan Kondisi KRI Nanggala-402 Siap Tempur",https://news.detik.com/berita/d-5545990/retrofit-disorot-tni-al-pastikan-kondisi-kri-nanggala-402-siap-tempur,https://akcdn.detik.net.id/community/media/visual/2021/04/25/panglima-tni-marsekal-hadi-tjahjanto-saat-jumpa-pers-terkait-kri-nanggala-502-foto-sui-suadnyanadetikcom-1_43.jpeg?w=210&q=90
"Mobil Pick Up Tabrak 3 Pejalan Kaki di Sukabumi, Satu Orang Tewas",https://news.detik.com/berita-jawa-barat/d-5545985/mobil-pick-up-tabrak-3-pejalan-kaki-di-sukabumi-satu-orang-tewas,https://akcdn.detik.net.id/community/media/visual/2021/04/25/mobil-pick-up-tabrak-pejalan-kaki_43.jpeg?w=210&q=90
Keluarga Kru KRI Nanggala-402 Datangi Lanal Banyuwangi,https://news.detik.com/berita-jawa-timur/d-5545984/keluarga-kru-kri-nanggala-402-datangi-lanal-banyuwangi,https://akcdn.detik.net.id/community/media/visual/2021/04/25/keluarga-kru-kapal-selam-nanggala-402-datangi-lanal-banyuwangi_43.jpeg?w=210&q=90
Penyebab Kabinda Papua Meninggal: Ditembak KKB di Beoga,https://news.detik.com/berita/d-5545979/penyebab-kabinda-papua-meninggal-ditembak-kkb-di-beoga,https://akcdn.detik.net.id/community/media/visual/2016/02/23/c3ad05bf-33ea-42ee-a74b-4d5dc3786f54_43.jpg?w=210&q=90
"KSAL: Tenggelamnya KRI Nanggala-402 Bukan Human Error, Mungkin Faktor Alam",https://news.detik.com/berita/d-5545978/ksal-tenggelamnya-kri-nanggala-402-bukan-human-error-mungkin-faktor-alam,https://akcdn.detik.net.id/community/media/visual/2021/04/25/panglima-tni-marsekal-hadi-tjahjanto-saat-jumpa-pers-terkait-kri-nanggala-502-foto-sui-suadnyanadetikcom-1_43.jpeg?w=210&q=90
"Gugur, 53 Awak KRI Nanggala-402 Akan Diberi Kenaikan Pangkat",https://news.detik.com/berita/d-5545970/gugur-53-awak-kri-nanggala-402-akan-diberi-kenaikan-pangkat,https://akcdn.detik.net.id/community/media/visual/2021/04/21/kri-nanggala-402-1_43.jpeg?w=210&q=90
"Seluruh Awak KRI Nanggala-402 Dinyatakan Gugur, Keluarga: Harus Siap",https://news.detik.com/berita-jawa-tengah/d-5545969/seluruh-awak-kri-nanggala-402-dinyatakan-gugur-keluarga-harus-siap,https://akcdn.detik.net.id/community/media/visual/2021/04/25/foto-letda-rintoni-dan-istri_43.jpeg?w=210&q=90
KRI Raden Eddy Martadinata-331 Berlayar Mencari KRI Nanggala 402,https://news.detik.com/foto-news/d-5545954/kri-raden-eddy-martadinata-331-berlayar-mencari-kri-nanggala-402,https://akcdn.detik.net.id/community/media/visual/2021/04/25/kri-raden-eddy-martadinata-331-berlayar-mencari-kri-nanggala-402_43.jpeg?w=210&q=90
"Kru KRI Nanggala-402 Gugur, Arek Suroboyo Doa Bersama di Depan Grahadi",https://news.detik.com/berita-jawa-timur/d-5546011/kru-kri-nanggala-402-gugur-arek-suroboyo-doa-bersama-di-depan-grahadi,https://akcdn.detik.net.id/community/media/visual/2021/04/25/lintas-agama-gelar-doa-bersama-dan-salat-gaib-untuk-kri-nanggala-402-1_43.jpeg?w=210&q=90
Melihat Al-Quran Tulisan Tangan Pangeran Diponegoro,https://news.detik.com/detiktv/d-5545966/melihat-al-quran-tulisan-tangan-pangeran-diponegoro,https://akcdn.detik.net.id/community/media/visual/2021/04/21/masjid-langgar-agung-magelang-menyimpan-al-quran-bertuliskan-tangan-pangeran-diponegoro_43.jpeg?w=210&q=90
Ungkapan Kesedihan Panglima TNI Saat Umumkan 53 Awak KRI Nanggala-402 Gugur,https://news.detik.com/berita/d-5545953/ungkapan-kesedihan-panglima-tni-saat-umumkan-53-awak-kri-nanggala-402-gugur,https://akcdn.detik.net.id/community/media/visual/2021/04/25/panglima-tni-marsekal-hadi-tjahjanto-saat-jumpa-pers-terkait-kri-nanggala-502-foto-sui-suadnyanadetikcom-1_43.jpeg?w=210&q=90
"Tenggelam, KRI Nanggala-402 Terbelah Jadi 3 Bagian",https://news.detik.com/berita/d-5545952/tenggelam-kri-nanggala-402-terbelah-jadi-3-bagian,https://akcdn.detik.net.id/community/media/visual/2021/04/21/ini-potret-kapal-selam-kri-nanggala-402-yang-hilang-kontak-di-bali_43.jpeg?w=210&q=90
"Anies Sebut DKI Ketergantungan Produk Pertanian, Khofifah Tawarkan Hasil Panen",https://news.detik.com/berita-jawa-timur/d-5545950/anies-sebut-dki-ketergantungan-produk-pertanian-khofifah-tawarkan-hasil-panen,https://akcdn.detik.net.id/community/media/visual/2021/04/25/gubernur-dki-jakarta-anies-baswedan-mou-dengan-pemkab-ngawi-terkait-ketahanan-pangan-beras-anies-didampingi-gubernur-khofifah-1_43.jpeg?w=210&q=90
Bukti-bukti Otentik yang Menyatakan Awak KRI Nanggala-402 Gugur,https://news.detik.com/berita/d-5545949/bukti-bukti-otentik-yang-menyatakan-awak-kri-nanggala-402-gugur,https://akcdn.detik.net.id/community/media/visual/2021/04/24/kri-nanggala-402_43.jpeg?w=210&q=90
Pertamina Bantu 400 Sak Semen untuk Perbaiki Rumah Korban Gempa Malang,https://news.detik.com/berita/d-5545945/pertamina-bantu-400-sak-semen-untuk-perbaiki-rumah-korban-gempa-malang,https://akcdn.detik.net.id/community/media/visual/2021/04/25/pertamina-beri-bantuan-untuk-korban-gempa-malang_43.jpeg?w=210&q=90
Penampakan Al-Qur'an Bertinta Emas yang Dikoleksi Pria di Bantul,https://news.detik.com/foto-news/d-5545928/penampakan-al-quran-bertinta-emas-yang-dikoleksi-pria-di-bantul,https://akcdn.detik.net.id/community/media/visual/2021/04/25/penampakan-al-quran-bertinta-emas-yang-dikoleksi-pria-di-bantul-3_43.jpeg?w=210&q=90
Panglima TNI: Seluruh Awak KRI Nanggala-402 Gugur,https://news.detik.com/berita/d-5545944/panglima-tni-seluruh-awak-kri-nanggala-402-gugur,https://akcdn.detik.net.id/community/media/visual/2021/04/21/kapal-selam-kri-nanggala-402-saat-latihan-pratugas-satgas-operasi-pengamanan-perbatasan-pamtas-maphilindo-2017-di-laut-jawa-ju_43.jpeg?w=210&q=90
"Update Lengkap Data COVID-19 di RI 25 April, Sebaran Terbanyak di DKI-Jabar",https://news.detik.com/berita/d-5545922/update-lengkap-data-covid-19-di-ri-25-april-sebaran-terbanyak-di-dki-jabar,https://akcdn.detik.net.id/community/media/visual/2021/04/05/ilustrasi-virus-corona_43.jpeg?w=210&q=90
"Jelang Pelantikan, Dadang-Sahrul Minta Warga Tak Kirim Karangan Bunga",https://news.detik.com/berita-jawa-barat/d-5545920/jelang-pelantikan-dadang-sahrul-minta-warga-tak-kirim-karangan-bunga,https://akcdn.detik.net.id/community/media/visual/2021/03/20/dadang-supriatna-sahrul-gunawan-2_43.jpeg?w=210&q=90
Menko PMK dan Mensos Kuatkan Keluarga Kru KRI Nanggala-402,https://news.detik.com/berita-jawa-timur/d-5545911/menko-pmk-dan-mensos-kuatkan-keluarga-kru-kri-nanggala-402,https://akcdn.detik.net.id/community/media/visual/2021/04/25/menko-pmk-dan-mensos-beri-pendampingan-ke-keluarga-kru-kri-nanggala-402_43.jpeg?w=210&q=90
detikKultum Gus Miftah: Bahaya Ghibah di Bulan Berkah,https://news.detik.com/berita/d-5545908/detikkultum-gus-miftah-bahaya-ghibah-di-bulan-berkah,https://akcdn.detik.net.id/community/media/visual/2021/04/25/kultum-gus-miftah-bahaya-ghibah-di-bulan-berkah_43.png?w=210&q=90
BNN Kobarkan Semangat Lawan Narkoba Lewat Lagu,https://news.detik.com/detiktv/d-5545947/bnn-kobarkan-semangat-lawan-narkoba-lewat-lagu,https://akcdn.detik.net.id/community/media/visual/2021/02/17/bnn-bakamla-amankan-436-kg-sabu-1_43.jpeg?w=210&q=90
Doa dan Harapan Keluarga Letkol Irfan Suri Awak KRI Nanggala-402,https://news.detik.com/berita-jawa-barat/d-5545906/doa-dan-harapan-keluarga-letkol-irfan-suri-awak-kri-nanggala-402,https://akcdn.detik.net.id/community/media/visual/2021/04/22/kapal-selam-kri-nanggala-dengan-53-awak-terus-dicari-keluarga-kami-masih-syok_43.jpeg?w=210&q=90
"PNS Tajir Makassar Balik Heran: Saya Jujur Lapor Harta, Harusnya Diapresiasi",https://news.detik.com/berita/d-5545905/pns-tajir-makassar-balik-heran-saya-jujur-lapor-harta-harusnya-diapresiasi,https://akcdn.detik.net.id/community/media/visual/2019/01/29/7844c46e-a805-47c8-8767-c032e92e88be_43.jpeg?w=210&q=90
Kepala BIN Daerah Papua Meninggal di Beoga,https://news.detik.com/berita/d-5545904/kepala-bin-daerah-papua-meninggal-di-beoga,https://akcdn.detik.net.id/community/media/visual/2016/02/23/267bfe58-78ed-42ba-bbc5-e2e07b1df3b1_43.jpg?w=210&q=90
Jadwal Buka Puasa 25 April 2021 untuk 35 Daerah di Jawa Tengah,https://news.detik.com/berita-jawa-tengah/d-5545900/jadwal-buka-puasa-25-april-2021-untuk-35-daerah-di-jawa-tengah,https://akcdn.detik.net.id/community/media/visual/2021/04/21/ilustrasi-ramadhan-atau-ramadan-1_43.jpeg?w=210&q=90
"Waktu Berbuka Puasa untuk Seluruh DIY, Minggu 25 April 2021",https://news.detik.com/berita-jawa-tengah/d-5545813/waktu-berbuka-puasa-untuk-seluruh-diy-minggu-25-april-2021,https://akcdn.detik.net.id/community/media/visual/2021/04/21/ilustrasi-ramadhan-atau-ramadan_43.jpeg?w=210&q=90
KPK Santai Hadapi Praperadilan RJ Lino,https://news.detik.com/berita/d-5545901/kpk-santai-hadapi-praperadilan-rj-lino,https://akcdn.detik.net.id/community/media/visual/2020/01/13/07f204d0-0636-4ad3-a72f-9ee4a7dc5b3b_43.jpeg?w=210&q=90
"Abaikan Laporan Kapal Dinas Dipakai Pilkada, Anggota Bawaslu Taliabu Dipecat",https://news.detik.com/berita/d-5545880/abaikan-laporan-kapal-dinas-dipakai-pilkada-anggota-bawaslu-taliabu-dipecat,https://akcdn.detik.net.id/community/media/visual/2018/09/06/0a42dcb7-5ccf-4258-984a-47ed90aac681_43.jpeg?w=210&q=90
Setop Lakukan Ini Agar Keluarga Awak KRI Nanggala-402 Tidak Trauma,https://news.detik.com/berita/d-5545864/setop-lakukan-ini-agar-keluarga-awak-kri-nanggala-402-tidak-trauma,https://akcdn.detik.net.id/community/media/visual/2021/04/24/keluarga-awak-kri-nanggala-402-di-jombang_43.jpeg?w=210&q=90
"Berkunjung ke Jatim, Anies Didampingi 2 Kepala daerah yang Diusung Demokrat",https://news.detik.com/berita-jawa-timur/d-5545877/berkunjung-ke-jatim-anies-didampingi-2-kepala-daerah-yang-diusung-demokrat,https://akcdn.detik.net.id/community/media/visual/2021/04/25/gubernur-khofifah-bertemu-gubernur-dki-jakarta-anies-baswedan-di-balai-kota-madiun_43.jpeg?w=210&q=90
Kala Nanggala Cegah Australia Masuk Timtim Jelang Jajak Pendapat,https://news.detik.com/berita/d-5545862/kala-nanggala-cegah-australia-masuk-timtim-jelang-jajak-pendapat,https://akcdn.detik.net.id/community/media/visual/2021/04/23/frans-wuwung-1_43.jpeg?w=210&q=90
"Anies Serap Gabah Petani Ngawi untuk DKI, Khofifah: Terima Kasih",https://news.detik.com/berita/d-5545827/anies-serap-gabah-petani-ngawi-untuk-dki-khofifah-terima-kasih,https://akcdn.detik.net.id/community/media/visual/2021/04/25/gubernur-dki-jakarta-anies-baswedan_43.jpeg?w=210&q=90
"Kasus Corona di India Hampir 350 Ribu Sehari, New Delhi Lanjut Lockdown",https://news.detik.com/internasional/d-5545844/kasus-corona-di-india-hampir-350-ribu-sehari-new-delhi-lanjut-lockdown,https://akcdn.detik.net.id/community/media/visual/2021/04/20/corona-melonjak-kremasi-jenazah-di-india-non-stop-24-jam-5_43.jpeg?w=210&q=90
Update Global: Kasus Covid-19 Tembus 146 Juta,https://news.detik.com/detiktv/d-5545832/update-global-kasus-covid-19-tembus-146-juta,https://akcdn.detik.net.id/community/media/visual/2020/11/24/potret-para-pengurus-jenazah-pasien-corona-di-negeri-matador-3_43.jpeg?w=210&q=90
"Tambah 4.402, Kasus Corona RI 25 April Jadi 1.641.194",https://news.detik.com/berita/d-5545829/tambah-4402-kasus-corona-ri-25-april-jadi-1641194,https://akcdn.detik.net.id/community/media/visual/2020/04/26/cf31c983-b57e-401e-977e-d823d7538ca1_43.jpeg?w=210&q=90
Anies: Kerja Sama Pangan Adalah Usaha Jakarta Balas Budi Petani,https://news.detik.com/berita/d-5545826/anies-kerja-sama-pangan-adalah-usaha-jakarta-balas-budi-petani,https://akcdn.detik.net.id/community/media/visual/2021/04/25/gubernur-dki-jakarta-anies-baswedan-1_43.jpeg?w=210&q=90
Pengasuh Ponpes di Ponorogo Bersyukur Santrinya Akan Diperistri UAS,https://news.detik.com/berita-jawa-timur/d-5545825/pengasuh-ponpes-di-ponorogo-bersyukur-santrinya-akan-diperistri-uas,https://akcdn.detik.net.id/community/media/visual/2021/04/25/pendiri-dan-pengasuh-ponpes-tahfidz-quran-al-muqoddasah-kh-hasan-abdullah-sahal-saat-di-ponpes-gontor_43.jpeg?w=210&q=90
Pemuda di Samarinda Hilang Saat Mancing di Sungai Mahakam,https://news.detik.com/berita/d-5545824/pemuda-di-samarinda-hilang-saat-mancing-di-sungai-mahakam,https://akcdn.detik.net.id/community/media/visual/2016/07/29/337afd98-fda1-48a9-9666-dbfa253c3833_43.jpg?w=210&q=90
Filosofi Mendalam 'Hiu Kencana' Kebanggaan Awak Kapal Selam,https://news.detik.com/berita/d-5545822/filosofi-mendalam-hiu-kencana-kebanggaan-awak-kapal-selam,https://akcdn.detik.net.id/community/media/visual/2021/04/21/ini-potret-kapal-selam-kri-nanggala-402-yang-hilang-kontak-di-bali-1_43.jpeg?w=210&q=90
Pelaku Tabrak Lari Bocah Perempuan di Sukabumi Menyerahkan Diri,https://news.detik.com/berita-jawa-barat/d-5545820/pelaku-tabrak-lari-bocah-perempuan-di-sukabumi-menyerahkan-diri,https://akcdn.detik.net.id/community/media/visual/2019/12/11/8262acc7-7261-47ab-9cf4-00f1cbea7971_43.jpeg?w=210&q=90
PNS Makassar Pemilik Ford Mustang-Harley Davidson Buka Suara!,https://news.detik.com/berita/d-5545817/pns-makassar-pemilik-ford-mustang-harley-davidson-buka-suara,https://akcdn.detik.net.id/community/media/visual/2020/06/23/ford-mustang_43.jpeg?w=210&q=90
Jerapah-jerapah Dievakuasi dari Pulau yang Akan Tenggelam di Kenya,https://news.detik.com/detiktv/d-5545815/jerapah-jerapah-dievakuasi-dari-pulau-yang-akan-tenggelam-di-kenya,https://akcdn.detik.net.id/community/media/visual/2020/12/10/terkepung-banjir-jerapah-di-kenya-dievakuasi_43.jpeg?w=210&q=90
"Klaster Kantor Melonjak, Begini Naik-Turun Corona di Jakarta dalam Sepekan",https://news.detik.com/berita/d-5545814/klaster-kantor-melonjak-begini-naik-turun-corona-di-jakarta-dalam-sepekan,https://akcdn.detik.net.id/community/media/visual/2020/09/02/ilustrasi-corona-fauzan-kamildetikcom_43.jpeg?w=210&q=90
"Waduh, Trotoar di Kota Bandung Jadi Tempat Parkir Liar",https://news.detik.com/foto-news/d-5545807/waduh-trotoar-di-kota-bandung-jadi-tempat-parkir-liar,https://akcdn.detik.net.id/community/media/visual/2021/04/25/waduh-trotoar-di-kota-bandung-jadi-tempat-parkir-liar_43.jpeg?w=210&q=90
Membandingkan Elektabilitas Anies dan Khofifah di Survei Capres Terkini,https://news.detik.com/berita/d-5545802/membandingkan-elektabilitas-anies-dan-khofifah-di-survei-capres-terkini,https://akcdn.detik.net.id/community/media/visual/2021/04/25/gubernur-dki-jakarta-anies-baswedan-bertemu-dengan-gubernur-jawa-timur-khofifah-indar-parawansa-foto-dok-pemprov-jatim_43.jpeg?w=210&q=90
"Jakarta Ketergantungan Pangan 99 Persen, Anies Ingin Balas Budi ke Petani Jatim",https://news.detik.com/berita-jawa-timur/d-5545801/jakarta-ketergantungan-pangan-99-persen-anies-ingin-balas-budi-ke-petani-jatim,https://akcdn.detik.net.id/community/media/visual/2021/04/25/gubernur-dki-jakarta-anies-baswedan-mou-dengan-pemkab-ngawi-terkait-ketahanan-pangan-beras-anies-didampingi-gubernur-khofifah-2_43.jpeg?w=210&q=90
"Ada Varian Virus Baru, Waket MPR Minta Terapkan Prokes di Keseharian",https://news.detik.com/berita/d-5545797/ada-varian-virus-baru-waket-mpr-minta-terapkan-prokes-di-keseharian,https://akcdn.detik.net.id/community/media/visual/2020/10/28/wakil-ketua-mpr-lestari-moerdijat-mengungkapkan-museum-memiliki-kemampuan-untuk-membangkitkan-kembali-idealisme-dan-nasionalis_43.jpeg?w=210&q=90
Waspada Potensi Hujan Lebat Disertai Kilat di Jabodetabek Sore Ini,https://news.detik.com/berita/d-5545796/waspada-potensi-hujan-lebat-disertai-kilat-di-jabodetabek-sore-ini,https://akcdn.detik.net.id/community/media/visual/2020/02/13/46c145d8-2514-4eab-bd0b-5e1b7f82d016_43.jpeg?w=210&q=90
MUI Ajak Warga Salat Gaib untuk Awak Kapal KRI Nanggala-402,https://news.detik.com/berita/d-5545793/mui-ajak-warga-salat-gaib-untuk-awak-kapal-kri-nanggala-402,https://akcdn.detik.net.id/community/media/visual/2021/04/21/kri-nanggala-402_43.jpeg?w=210&q=90
Sosok RP Poernomo dan Slogan 'Tabah Sampai Akhir' bagi Awak Kapal Selam,https://news.detik.com/berita/d-5545791/sosok-rp-poernomo-dan-slogan-tabah-sampai-akhir-bagi-awak-kapal-selam,https://akcdn.detik.net.id/community/media/visual/2021/04/21/ini-potret-kapal-selam-kri-nanggala-402-yang-hilang-kontak-di-bali-5_43.jpeg?w=210&q=90
Reuni Anies-Khofifah Dianggap Penjajakan Cari Chemistry Pilpres 2024,https://news.detik.com/berita/d-5545788/reuni-anies-khofifah-dianggap-penjajakan-cari-chemistry-pilpres-2024,https://akcdn.detik.net.id/community/media/visual/2021/04/25/momen-pertemuan-anies-khofifah-di-balai-kota-madiun-1_43.jpeg?w=210&q=90
Walkot Makassar Heran Anak Buahnya Punya Mobil Mewah-Harta Melimpah,https://news.detik.com/detiktv/d-5545786/walkot-makassar-heran-anak-buahnya-punya-mobil-mewah-harta-melimpah,https://akcdn.detik.net.id/community/media/visual/2021/03/02/wali-kota-makassar-danny-pomanto-ibnu-munsirdetikcom_43.jpeg?w=210&q=90
Doa Keluar Rumah,https://news.detik.com/infografis/d-5545677/doa-keluar-rumah,https://akcdn.detik.net.id/community/media/visual/2021/04/25/one-day-one-hadits-doa-keluar-rumah_43.jpeg?w=210&q=90
Mensos Kunjungi Anak Kru KRI Nanggala-402 Kunci Ayahnya di Kamar yang Viral,https://news.detik.com/berita-jawa-timur/d-5545784/mensos-kunjungi-anak-kru-kri-nanggala-402-kunci-ayahnya-di-kamar-yang-viral,https://akcdn.detik.net.id/community/media/visual/2021/04/25/mensos-datangi-rumah-kru-kri-nanggala-420-yang-viral-karena-anaknya-1_43.jpeg?w=210&q=90
Ini yang Dibahas Anies Saat Berkunjung ke Ngawi Bareng Khofifah,https://news.detik.com/foto-news/d-5545772/ini-yang-dibahas-anies-saat-berkunjung-ke-ngawi-bareng-khofifah,https://akcdn.detik.net.id/community/media/visual/2021/04/25/ini-yang-dibahas-anies-saat-berkunjung-ke-ngawi-bareng-khofifah_43.jpeg?w=210&q=90
Pasar Tanah Abang Mulai Dipadati Pemburu Busana Lebaran,https://news.detik.com/detiktv/d-5545765/pasar-tanah-abang-mulai-dipadati-pemburu-busana-lebaran,https://akcdn.detik.net.id/community/media/visual/2017/06/20/8b54879e-2d52-47ae-8499-e9fddb387c6f_43.jpg?w=210&q=90
"Gempa M 4,7 Guncang Boalemo Gorontalo",https://news.detik.com/berita/d-5545760/gempa-m-47-guncang-boalemo-gorontalo,https://akcdn.detik.net.id/community/media/visual/2019/08/10/d0d59889-3623-4bc4-985c-493487d4205d_43.jpeg?w=210&q=90
Sandiaga Minta Andre Rosiade Bantu Pengembangan Pariwisata Sawahlunto,https://news.detik.com/berita/d-5545738/sandiaga-minta-andre-rosiade-bantu-pengembangan-pariwisata-sawahlunto,https://akcdn.detik.net.id/community/media/visual/2021/04/25/andre-rosiade_43.jpeg?w=210&q=90
"Jelang Lebaran, Warga Bandung Serbu Pusat Perbelanjaan",https://news.detik.com/berita-jawa-barat/d-5545736/jelang-lebaran-warga-bandung-serbu-pusat-perbelanjaan,https://akcdn.detik.net.id/community/media/visual/2021/04/25/warga-padati-sejumlah-pusat-perbelanjaan-di-kota-bandung_43.jpeg?w=210&q=90
"Beroperasi Saat Ramadhan, Belasan Pemandu Lagu Digiring ke Kantor Satpol PP",https://news.detik.com/berita-jawa-timur/d-5545714/beroperasi-saat-ramadhan-belasan-pemandu-lagu-digiring-ke-kantor-satpol-pp,https://akcdn.detik.net.id/community/media/visual/2021/04/25/nekat-beroperasi-belasan-pemandu-lagu-diamankan-satpol-pp-lamongan_43.jpeg?w=210&q=90
Polisi Sebut Pemotor Viral di Bintaro yang Lepas Tangan Saat Berkendara Iseng,https://news.detik.com/berita/d-5545712/polisi-sebut-pemotor-viral-di-bintaro-yang-lepas-tangan-saat-berkendara-iseng,https://akcdn.detik.net.id/community/media/visual/2021/04/23/pemotor-santuy-lepas-tangan-sambil-duduk-bersila-dan-menyamping-di-bintaro_43.png?w=210&q=90
"Viral Video Notaris Bentak-bentak Polhut di Batang, Begini Ceritanya",https://news.detik.com/berita-jawa-tengah/d-5545709/viral-video-notaris-bentak-bentak-polhut-di-batang-begini-ceritanya,https://akcdn.detik.net.id/community/media/visual/2021/04/25/viral-wanita-bentak-bentak-polhut-di-batang_43.jpeg?w=210&q=90
"Reuni Anies Baswedan-Khofifah, Sesama Eks Menteri dan Timses Jokowi",https://news.detik.com/berita/d-5545708/reuni-anies-baswedan-khofifah-sesama-eks-menteri-dan-timses-jokowi,https://akcdn.detik.net.id/community/media/visual/2021/04/25/gubernur-dki-jakarta-anies-baswedan-bertemu-dengan-gubernur-jawa-timur-khofifah-indar-parawansa-foto-dok-pemprov-jatim_43.jpeg?w=210&q=90
Kemendagri Tegaskan Tak Ada Kolom Jenis Kelamin Transgender di e-KTP,https://news.detik.com/berita/d-5545707/kemendagri-tegaskan-tak-ada-kolom-jenis-kelamin-transgender-di-e-ktp,https://akcdn.detik.net.id/community/media/visual/2020/07/07/ilustrasi-e-ktp_43.jpeg?w=210&q=90
Anggota DPRD Manado dari Golkar Tewas dalam Kecelakaan Lalu Lintas,https://news.detik.com/berita/d-5545705/anggota-dprd-manado-dari-golkar-tewas-dalam-kecelakaan-lalu-lintas,https://akcdn.detik.net.id/community/media/visual/2021/04/25/mobil-yang-dikendarai-oleh-anggota-dprd-kota-manado-mengalami-kecelakaan_43.jpeg?w=210&q=90
Momen Anies-Khofifah Semobil dari Madiun ke Ngawi,https://news.detik.com/detiktv/d-5545702/momen-anies-khofifah-semobil-dari-madiun-ke-ngawi,https://akcdn.detik.net.id/community/media/visual/2021/04/25/momen-pertemuan-anies-khofifah-di-balai-kota-madiun_43.jpeg?w=210&q=90
Filosofi Mendalam Dibalik Nama KRI Nanggala 402,https://news.detik.com/detiktv/d-5545706/filosofi-mendalam-dibalik-nama-kri-nanggala-402,https://akcdn.detik.net.id/community/media/visual/2021/04/24/kri-nanggala-402_43.jpeg?w=210&q=90
Lokasi Karantina WNA dari India di Jakarta Dijaga Ketat,https://news.detik.com/foto-news/d-5545687/lokasi-karantina-wna-dari-india-di-jakarta-dijaga-ketat,https://akcdn.detik.net.id/community/media/visual/2021/04/25/potret-penjagaan-di-lokasi-karantina-warga-negara-india_43.jpeg?w=210&q=90
Kolaborasi CT ARSA Foundation-Young Living Kirim Bantuan ke NTT,https://news.detik.com/berita/d-5545692/kolaborasi-ct-arsa-foundation-young-living-kirim-bantuan-ke-ntt,https://akcdn.detik.net.id/community/media/visual/2021/04/25/serah-terima-produk-young-living-indonesia-yang-akan-dilelang-secara-simbolis-oleh-head-of-human-resorces-and-general-affairs-_43.jpeg?w=210&q=90
Suami Istri di Tulungagung Dianiaya Tetangga Hingga Jarinya Putus,https://news.detik.com/berita-jawa-timur/d-5545682/suami-istri-di-tulungagung-dianiaya-tetangga-hingga-jarinya-putus,https://akcdn.detik.net.id/community/media/visual/2021/04/25/pasutri-dianiaya-tetangga-di-tulungagung-hingga-luka-berat_43.jpeg?w=210&q=90
"Berawal dari Hobi, Pria Ini Sukses Kembangkan 'Sekolah' Burung Kenari",https://news.detik.com/berita-jawa-barat/d-5545685/berawal-dari-hobi-pria-ini-sukses-kembangkan-sekolah-burung-kenari,https://akcdn.detik.net.id/community/media/visual/2021/04/25/dicky-warga-lembang-bandung-barat_43.jpeg?w=210&q=90
"Muslim Palestina Vs Polisi Israel Bentrok Lagi, 'Roket' Ditembakkan",https://news.detik.com/detiktv/d-5545680/muslim-palestina-vs-polisi-israel-bentrok-lagi-roket-ditembakkan,https://akcdn.detik.net.id/community/media/visual/2018/05/15/e8ff0eca-a20a-46ae-a284-91b9b1444bf7_43.jpeg?w=210&q=90
Klarifikasi Z Arifin Junaidi terkait Wacana Dispensasi Mudik Santri,https://news.detik.com/berita/d-5545679/klarifikasi-z-arifin-junaidi-terkait-wacana-dispensasi-mudik-santri,https://akcdn.detik.net.id/community/media/visual/2021/04/25/kh-z-arifin-junaidi-situs-lp-maarif-nu_43.jpeg?w=210&q=90
TB Hasanuddin Duga Retrofit KRI Nanggala-402 di Korsel Gagal,https://news.detik.com/berita/d-5545678/tb-hasanuddin-duga-retrofit-kri-nanggala-402-di-korsel-gagal,https://akcdn.detik.net.id/community/media/visual/2018/06/06/cb5a9253-d645-4778-86d3-d0f5d876e25c_43.jpeg?w=210&q=90
"Tak Terima Ditahan, RJ Lino Gugat KPK",https://news.detik.com/berita/d-5545675/tak-terima-ditahan-rj-lino-gugat-kpk,https://akcdn.detik.net.id/community/media/visual/2021/03/26/kpk-tahan-rj-lino-8_43.jpeg?w=210&q=90
Operasi Pencarian KRI Nanggala-402 Terus Berlangsung,https://news.detik.com/foto-news/d-5545666/operasi-pencarian-kri-nanggala-402-terus-berlangsung,https://akcdn.detik.net.id/community/media/visual/2021/04/25/operasi-pencarian-kri-nanggala-402-terus-berlangsung_43.jpeg?w=210&q=90
"Bertemu Anies Baswedan, Khofifah Nostalgia Pernah Bareng Jadi Jubir",https://news.detik.com/berita-jawa-timur/d-5545673/bertemu-anies-baswedan-khofifah-nostalgia-pernah-bareng-jadi-jubir,https://akcdn.detik.net.id/community/media/visual/2021/04/25/gubernur-khofifah-bertemu-gubernur-dki-jakarta-anies-baswedan-di-balai-kota-madiun-1_43.jpeg?w=210&q=90
Pernyataan Jokowi Terkait Tenggelamnya KRI Nanggala-402,https://news.detik.com/detiktv/d-5545663/pernyataan-jokowi-terkait-tenggelamnya-kri-nanggala-402,https://akcdn.detik.net.id/community/media/visual/2021/04/18/presiden-jokowi_43.jpeg?w=210&q=90
"Sebelum Ditangkap, 4 Pejabat Kota Makassar Berniat Pesta Sabu",https://news.detik.com/berita/d-5545661/sebelum-ditangkap-4-pejabat-kota-makassar-berniat-pesta-sabu,https://akcdn.detik.net.id/community/media/visual/2021/04/25/polrestabes-makassar-menangkap-4-pejabat-pemkot-makassar-karena-akan-pesta-sabu_43.jpeg?w=210&q=90
"Mengenal Makna Wira Ananta Rudira, Semboyan Kapal Selam RI",https://news.detik.com/detiktv/d-5545664/mengenal-makna-wira-ananta-rudira-semboyan-kapal-selam-ri,https://akcdn.detik.net.id/community/media/visual/2021/04/24/kri-nanggala-402_43.jpeg?w=210&q=90
"Safari Lintas Provinsi Anies Baswedan: Ke Jabar, Jateng hingga Jatim",https://news.detik.com/berita/d-5545660/safari-lintas-provinsi-anies-baswedan-ke-jabar-jateng-hingga-jatim,https://akcdn.detik.net.id/community/media/visual/2021/04/25/gubernur-khofifah-bertemu-gubernur-dki-jakarta-anies-baswedan-di-ngawi_43.jpeg?w=210&q=90
Imigrasi Bandara Soetta Pulangkan 32 WNA Asal India,https://news.detik.com/berita/d-5545646/imigrasi-bandara-soetta-pulangkan-32-wna-asal-india,https://akcdn.detik.net.id/community/media/visual/2021/04/25/wna-asal-india-di-bandara-soekarno-hatta-dok-imigrasi-bandara-soekarno-hatta_43.jpeg?w=210&q=90
"Pekan Kedua Ramadhan, Tak Ada Lonjakan Penumpang di Stasiun Gambir",https://news.detik.com/detiktv/d-5545643/pekan-kedua-ramadhan-tak-ada-lonjakan-penumpang-di-stasiun-gambir,https://akcdn.detik.net.id/community/media/visual/2020/12/21/stasiun-gambir-foto-karindetikcom-2_43.jpeg?w=210&q=90
Lengkap! Pernyataan Terbaru Jokowi soal KRI Nanggala-402 Tenggelam,https://news.detik.com/berita/d-5545640/lengkap-pernyataan-terbaru-jokowi-soal-kri-nanggala-402-tenggelam,https://akcdn.detik.net.id/community/media/visual/2021/04/18/presiden-jokowi-3_43.jpeg?w=210&q=90
Kasus Corona Klaster Perkantoran di DKI Naik Tajam,https://news.detik.com/detiktv/d-5545639/kasus-corona-klaster-perkantoran-di-dki-naik-tajam,https://akcdn.detik.net.id/community/media/visual/2020/07/28/waspada-virus-corona-membayangi-perkantoran-ibu-kota-7_43.jpeg?w=210&q=90
Pengemudi Porsche Penerobos Busway Ditilang!,https://news.detik.com/berita/d-5545638/pengemudi-porsche-penerobos-busway-ditilang,https://akcdn.detik.net.id/community/media/visual/2021/04/24/porsche-putih-penerobos-busway-di-jaksel-diamankan-polisi-rakha-ariyanto-darmawandetikcom-1_43.jpeg?w=210&q=90
Fatimah Az Zahra Calon Istri UAS Pernah Mengajar di Ponpes Ponorogo Setahun,https://news.detik.com/berita-jawa-timur/d-5545633/fatimah-az-zahra-calon-istri-uas-pernah-mengajar-di-ponpes-ponorogo-setahun,https://akcdn.detik.net.id/community/media/visual/2021/04/25/pendiri-dan-pengasuh-pondok-tahfidz-quran-al-muqoddasah-kh-hasan-abdullah-sahal_43.jpeg?w=210&q=90
India Minta Twitter Hapus Cuitan yang Kritik Penanganan Corona,https://news.detik.com/internasional/d-5545630/india-minta-twitter-hapus-cuitan-yang-kritik-penanganan-corona,https://akcdn.detik.net.id/community/media/visual/2021/04/22/makin-ganas-kasus-corona-di-india-capai-300-ribu-sehari-6_43.jpeg?w=210&q=90
Jokowi: 53 Awak KRI Nanggala-402 Patriot Terbaik Penjaga Negara,https://news.detik.com/berita/d-5545629/jokowi-53-awak-kri-nanggala-402-patriot-terbaik-penjaga-negara,https://akcdn.detik.net.id/community/media/visual/2021/04/21/ini-potret-kapal-selam-kri-nanggala-402-yang-hilang-kontak-di-bali-1_43.jpeg?w=210&q=90
Jokowi Pastikan Pencarian KRI Nanggala-402 Tetap Dilakukan,https://news.detik.com/berita/d-5545628/jokowi-pastikan-pencarian-kri-nanggala-402-tetap-dilakukan,https://akcdn.detik.net.id/community/media/visual/2021/04/05/presiden-jokowi-foto-lukas-biro-pers-sekretariat-presiden-3_43.jpeg?w=210&q=90
Menanti Respons Gibran Tangani Desakan Penutupan Kuliner Anjing di Solo,https://news.detik.com/berita-jawa-tengah/d-5545627/menanti-respons-gibran-tangani-desakan-penutupan-kuliner-anjing-di-solo,https://akcdn.detik.net.id/community/media/visual/2019/06/19/125386a5-8cf8-45d3-af3c-48ceff4f0341_43.jpeg?w=210&q=90
Jokowi Sampaikan Kesedihan Mendalam atas Tenggelamnya KRI Nanggala-402,https://news.detik.com/berita/d-5545625/jokowi-sampaikan-kesedihan-mendalam-atas-tenggelamnya-kri-nanggala-402,https://akcdn.detik.net.id/community/media/visual/2021/04/23/presiden-jokowi-4_43.jpeg?w=210&q=90
"Gelar Kegiatan Ramadhan, Garda Pemuda NasDem Santuni Anak Yatim",https://news.detik.com/berita/d-5545624/gelar-kegiatan-ramadhan-garda-pemuda-nasdem-santuni-anak-yatim,https://akcdn.detik.net.id/community/media/visual/2021/04/25/gp-nasdem-jabar-santuni-anak-yatim_43.jpeg?w=210&q=90
Amankah Bitcoin Jadi Alat Pembayaran di Mata Hukum RI?,https://news.detik.com/detiktv/d-5545621/amankah-bitcoin-jadi-alat-pembayaran-di-mata-hukum-ri,https://akcdn.detik.net.id/community/media/visual/2021/04/25/detiks-advocate-bitcoin_43.jpeg?w=210&q=90
Melihat Lebih Dekat Masjid Peninggalan Sunan Muria di Kudus,https://news.detik.com/foto-news/d-5545612/melihat-lebih-dekat-masjid-peninggalan-sunan-muria-di-kudus,https://akcdn.detik.net.id/community/media/visual/2021/04/25/melihat-lebih-dekat-masjid-peninggalan-sunan-muria-di-kudus_43.jpeg?w=210&q=90
Kemendagri Mudahkan Transgender Dapatkan Dokumen Kependudukan,https://news.detik.com/detiktv/d-5545608/kemendagri-mudahkan-transgender-dapatkan-dokumen-kependudukan,https://akcdn.detik.net.id/community/media/visual/2019/11/25/6aa5a57e-2e81-4174-9641-f29c2f3b5e84_43.jpeg?w=210&q=90
"Klaster Kantor Melonjak, Epidemiolog Wanti-wanti Jangan Euforia Vaksin",https://news.detik.com/berita/d-5545606/klaster-kantor-melonjak-epidemiolog-wanti-wanti-jangan-euforia-vaksin,https://akcdn.detik.net.id/community/media/visual/2021/02/21/survivor-corona_43.jpeg?w=210&q=90
Pedagang 'Pasar Kaget' Bundaran HI Sepi Pembeli,https://news.detik.com/detiktv/d-5545594/pedagang-pasar-kaget-bundaran-hi-sepi-pembeli,https://akcdn.detik.net.id/community/media/visual/2021/04/25/pasar-kaget-bundaran-hi_43.png?w=210&q=90
TNI: Kabar 2 Prajurit Tewas Saat Kontak Tembak KKB Tidak Benar,https://news.detik.com/berita/d-5545593/tni-kabar-2-prajurit-tewas-saat-kontak-tembak-kkb-tidak-benar,https://akcdn.detik.net.id/community/media/visual/2015/06/18/8528aa02-3faf-4de5-917e-fd9445ba8a2d_43.jpg?w=210&q=90
Pemerintah India Minta Twitter Hapus Kritikan Terkait Penanganan Tsunami Corona,https://news.detik.com/detiktv/d-5545591/pemerintah-india-minta-twitter-hapus-kritikan-terkait-penanganan-tsunami-corona,https://akcdn.detik.net.id/community/media/visual/2021/04/22/makin-ganas-kasus-corona-di-india-capai-300-ribu-sehari-6_43.jpeg?w=210&q=90
Ketua TP PKK: Posyandu Ujung Tombak Pelayanan Masyarakat Agar Sehat,https://news.detik.com/berita/d-5545578/ketua-tp-pkk-posyandu-ujung-tombak-pelayanan-masyarakat-agar-sehat,https://akcdn.detik.net.id/community/media/visual/2021/04/25/ketua-tp-pkk-kunjungi-posyandu-di-ntb_43.jpeg?w=210&q=90
Langkah Pemda DIY Gunakan Danais untuk Beli Hotel Disorot BPK,https://news.detik.com/berita-jawa-tengah/d-5545589/langkah-pemda-diy-gunakan-danais-untuk-beli-hotel-disorot-bpk,https://akcdn.detik.net.id/community/media/visual/2021/04/24/hotel-mutiara-yang-disorot-bpk-pernah-jadi-ikon-malioboro-1_43.jpeg?w=210&q=90
Imigrasi Bandara Soetta Terapkan Double Filter WNA yang Masuk ke RI,https://news.detik.com/berita/d-5545588/imigrasi-bandara-soetta-terapkan-double-filter-wna-yang-masuk-ke-ri,https://akcdn.detik.net.id/community/media/visual/2021/01/01/wna-dilarang-masuk-ri-begini-kondisi-di-bandara-soetta_43.jpeg?w=210&q=90
"Bertemu dengan Gubernur Khofifah, Anies Bantah Bahas Pilpres",https://news.detik.com/berita-jawa-timur/d-5545585/bertemu-dengan-gubernur-khofifah-anies-bantah-bahas-pilpres,https://akcdn.detik.net.id/community/media/visual/2021/04/25/gubernur-khofifah-bertemu-gubernur-dki-jakarta-anies-baswedan-di-ngawi_43.jpeg?w=210&q=90
"Demi Mudik Lebih Awal, Warga Berkerumun Beli Tiket Kapal",https://news.detik.com/foto-news/d-5545570/demi-mudik-lebih-awal-warga-berkerumun-beli-tiket-kapal,https://akcdn.detik.net.id/community/media/visual/2021/04/25/demi-mudik-lebih-awal-warga-berkerumun-beli-tiket-kapal_43.jpeg?w=210&q=90
Jokowi Naikkan 3 Kali Lipat Gaji Ketua BNSP Jadi Rp 36 Juta/Bulan,https://news.detik.com/berita/d-5545582/jokowi-naikkan-3-kali-lipat-gaji-ketua-bnsp-jadi-rp-36-jutabulan,https://akcdn.detik.net.id/community/media/visual/2021/04/23/presiden-jokowi-4_43.jpeg?w=210&q=90
Pemerintah Bayangan Myanmar Buka Suara soal Hasil KTT ASEAN,https://news.detik.com/internasional/d-5545579/pemerintah-bayangan-myanmar-buka-suara-soal-hasil-ktt-asean,https://akcdn.detik.net.id/community/media/visual/2021/04/24/ktt-asean-2021-dialog-tidak-akan-cukup-menyelesaikan-konflik-di-myanmar_43.jpeg?w=210&q=90
"Bercermin dari India, Mendagri Imbau Masyarakat untuk Tidak Mudik",https://news.detik.com/berita/d-5545576/bercermin-dari-india-mendagri-imbau-masyarakat-untuk-tidak-mudik,https://akcdn.detik.net.id/community/media/visual/2021/04/25/pengarahan-kemendagri-ke-pemprov-ntb_43.jpeg?w=210&q=90
"Jika Ada KITAS, WNA dari India Bisa Beraktivitas di RI Usai Karantina",https://news.detik.com/berita/d-5545566/jika-ada-kitas-wna-dari-india-bisa-beraktivitas-di-ri-usai-karantina,https://akcdn.detik.net.id/community/media/visual/2021/01/05/juru-bicara-vaksinasi-covid-19-dr-siti-nadia-tarmizi_43.jpeg?w=210&q=90
"Pemuda Blitar Ditemukan Tewas di Ladang, Tak Ada Luka Bekas Kekerasan",https://news.detik.com/berita-jawa-timur/d-5545610/pemuda-blitar-ditemukan-tewas-di-ladang-tak-ada-luka-bekas-kekerasan,https://akcdn.detik.net.id/community/media/visual/2021/04/25/pemuda-blitar-ditemukan-tewas-di-ladang-tak-ada-luka-bekas-kekerasan_43.jpeg?w=210&q=90
Puluhan Orang Tewas dalam Kebakaran Rumah Sakit COVID-19 di Irak,https://news.detik.com/detiktv/d-5545564/puluhan-orang-tewas-dalam-kebakaran-rumah-sakit-covid-19-di-irak,https://akcdn.detik.net.id/community/media/visual/2021/04/25/puluhan-orang-tewas-dalam-kebakaran-rumah-sakit-di-irak_43.png?w=210&q=90
Polisi Tembak Penerobos Pintu Gerbang Mapolres Brebes,https://news.detik.com/berita-jawa-tengah/d-5545559/polisi-tembak-penerobos-pintu-gerbang-mapolres-brebes,https://akcdn.detik.net.id/community/media/visual/2021/04/19/ini-tampang-penguntit-putri-bupati-penerobos-gerbang-mapolres-brebes-1_43.jpeg?w=210&q=90
Antrean dan Produksi Meningkat untuk Pasokan Oksigen India,https://news.detik.com/detiktv/d-5545560/antrean-dan-produksi-meningkat-untuk-pasokan-oksigen-india,https://akcdn.detik.net.id/community/media/visual/2021/04/22/makin-ganas-kasus-corona-di-india-capai-300-ribu-sehari-5_43.jpeg?w=210&q=90
Narasi Firli Siap Dicaci di Kasus Suap Penyidik KPK daripada Sembunyi,https://news.detik.com/berita/d-5545549/narasi-firli-siap-dicaci-di-kasus-suap-penyidik-kpk-daripada-sembunyi,https://akcdn.detik.net.id/community/media/visual/2021/02/11/kpk-menkes-bahas-potensi-korupsi-vaksinasi-covid-19_43.jpeg?w=210&q=90
"Perjalanan Kasus Biduanita Dilaporkan Perkosa Remaja, Mangkir hingga Bantahannya",https://news.detik.com/berita-jawa-timur/d-5545548/perjalanan-kasus-biduanita-dilaporkan-perkosa-remaja-mangkir-hingga-bantahannya,https://akcdn.detik.net.id/community/media/visual/2021/04/24/biduanita-di-kota-probolinggo_43.jpeg?w=210&q=90
"Berharap KRI Nanggala 402 Ditemukan, Bupati Kebumen Gelar Doa Bersama",https://news.detik.com/berita/d-5545542/berharap-kri-nanggala-402-ditemukan-bupati-kebumen-gelar-doa-bersama,https://akcdn.detik.net.id/community/media/visual/2021/04/25/pemkab-kebumen_43.jpeg?w=210&q=90
"Terbaru Porsche, Ini Rentetan Peristiwa Mobil Terobos Busway Bikin Heboh",https://news.detik.com/berita/d-5545539/terbaru-porsche-ini-rentetan-peristiwa-mobil-terobos-busway-bikin-heboh,https://akcdn.detik.net.id/community/media/visual/2021/04/23/tangkapan-layar-video-viral-porsche-masuk-busway-di-gandaria_43.png?w=210&q=90
"RS Corona di Irak Kebakaran, 27 Orang Tewas",https://news.detik.com/internasional/d-5545537/rs-corona-di-irak-kebakaran-27-orang-tewas,https://akcdn.detik.net.id/community/media/visual/2017/11/22/e5d576ca-f215-4022-b871-69e2da5b7e58_43.jpg?w=210&q=90
Bobby Nasution Turun Langsung Pantau Prokes di Kesawan City Walk,https://news.detik.com/berita/d-5545536/bobby-nasution-turun-langsung-pantau-prokes-di-kesawan-city-walk,https://akcdn.detik.net.id/community/media/visual/2021/04/25/wali-kota-medan-bobby-nasution_43.jpeg?w=210&q=90
Terjebak Budaya Gila Kerja,https://news.detik.com/intermeso/d-5545535/terjebak-budaya-gila-kerja,https://akcdn.detik.net.id/community/media/visual/2021/04/25/hustle-culture_43.jpeg?w=210&q=90
SyariefÂ Hasan: Kita Harus Peduli dengan Anak Yatim & Fakir Miskin,https://news.detik.com/berita/d-5545534/syariefhasan-kita-harus-peduli-dengan-anak-yatim--fakir-miskin,https://akcdn.detik.net.id/community/media/visual/2021/04/25/wakil-ketua-mpr-syarief-hasan_43.jpeg?w=210&q=90
Saat Bukber Kantor Desa di Sukabumi Berakhir Ricuh,https://news.detik.com/detiktv/d-5545533/saat-bukber-kantor-desa-di-sukabumi-berakhir-ricuh,https://akcdn.detik.net.id/community/media/visual/2021/04/25/bukber-kantor-desa-di-sukabumi-ricuh-kaca-jendela-pecah_43.jpeg?w=210&q=90
Potret Warga yang Nekat Mudik Lebih Awal,https://news.detik.com/foto-news/d-5545524/potret-warga-yang-nekat-mudik-lebih-awal,https://akcdn.detik.net.id/community/media/visual/2021/04/25/larangan-diperketat-masih-ada-warga-nekat-mudik-lebih-awal_43.jpeg?w=210&q=90
8 Pelaku Penyerangan Mobil Dinas Bea Cukai Riau Ditangkap di Jambi,https://news.detik.com/berita/d-5545523/8-pelaku-penyerangan-mobil-dinas-bea-cukai-riau-ditangkap-di-jambi,https://akcdn.detik.net.id/community/media/visual/2021/04/25/barang-bukti-mobil-pelaku-penyerangan-mobil-dinas-bea-cukai-riau-dok-istimewa_43.jpeg?w=210&q=90
Mendagri Apresiasi Program Kampung Sehat NTB,https://news.detik.com/berita/d-5545522/mendagri-apresiasi-program-kampung-sehat-ntb,https://akcdn.detik.net.id/community/media/visual/2021/04/25/polda-ntb-3_43.jpeg?w=210&q=90
Melihat Al-Qur'an Karya Tulisan Tangan Pangeran Diponegoro,https://news.detik.com/berita-jawa-tengah/d-5545521/melihat-al-quran-karya-tulisan-tangan-pangeran-diponegoro,https://akcdn.detik.net.id/community/media/visual/2021/04/21/masjid-langgar-agung-magelang-menyimpan-al-quran-bertuliskan-tangan-pangeran-diponegoro-1_43.jpeg?w=210&q=90
"Hina Penguasa Lewat Facebook, Pria di Jakut Dipenjara 1 Tahun",https://news.detik.com/berita/d-5545519/hina-penguasa-lewat-facebook-pria-di-jakut-dipenjara-1-tahun,https://akcdn.detik.net.id/community/media/visual/2016/01/26/c84cd9e0-5916-4fe1-891c-77225d564c21_43.jpg?w=210&q=90
"Deretan Tunggangan Rp 3,8 M Milik PNS Makassar yang Bikin Walkot Heran",https://news.detik.com/berita/d-5545518/deretan-tunggangan-rp-38-m-milik-pns-makassar-yang-bikin-walkot-heran,https://akcdn.detik.net.id/community/media/visual/2017/12/28/c5b3df28-5452-410f-9442-ddc8a2634b29_43.jpg?w=210&q=90
detik's Advocate: Ancaman Bui Sadap HP Suami hingga Ketipu Beli Bitcoin,https://news.detik.com/berita/d-5545517/detiks-advocate-ancaman-bui-sadap-hp-suami-hingga-ketipu-beli-bitcoin,https://akcdn.detik.net.id/community/media/visual/2020/12/22/bitcoin-melambung-di-atas-20-ribu-dolar-bakal-jadi-incaran-investor-awam_43.jpeg?w=210&q=90
Pesepeda Dominasi Kawasan Bundaran HI di Minggu Pagi,https://news.detik.com/detiktv/d-5545516/pesepeda-dominasi-kawasan-bundaran-hi-di-minggu-pagi,https://akcdn.detik.net.id/community/media/visual/2021/03/14/jalur-pop-up-diperlebar-pesepeda-di-sudirman-thamrin-makin-ramai-pagi-ini-foto-wildadetikcom-3_43.jpeg?w=210&q=90
7 Fakta Pengemudi Porsche Terobos Busway: Diburu hingga Akhirnya Ketemu,https://news.detik.com/berita/d-5545508/7-fakta-pengemudi-porsche-terobos-busway-diburu-hingga-akhirnya-ketemu,https://akcdn.detik.net.id/community/media/visual/2021/04/24/penampakan-tampang-pengemudi-porsche-penerobos-busway-di-jakarta-selatan_43.jpeg?w=210&q=90
"Makna 'Fair Winds and Following Seas', Ucapan untuk Awak KRI Nanggala-402",https://news.detik.com/berita/d-5545507/makna-fair-winds-and-following-seas-ucapan-untuk-awak-kri-nanggala-402,https://akcdn.detik.net.id/community/media/visual/2021/04/24/kri-nanggala-402_43.jpeg?w=210&q=90
Kenangan yang Menyelamatkan,https://news.detik.com/kolom/d-5545496/kenangan-yang-menyelamatkan,https://akcdn.detik.net.id/community/media/visual/2021/02/18/impian-nopitasari_43.jpeg?w=210&q=90
"Pertanyakan Jerat Pidana Pelaku Usaha Benur, HNSI Sukabumi Datangi KKP",https://news.detik.com/berita-jawa-barat/d-5545506/pertanyakan-jerat-pidana-pelaku-usaha-benur-hnsi-sukabumi-datangi-kkp,https://akcdn.detik.net.id/community/media/visual/2021/04/25/ketua-hnsi-kabupaten-sukabumi-dede-ola_43.jpeg?w=210&q=90
"Analisis Gempa Manokwari Selatan, Magnitudo Diperbarui Jadi M 4,9",https://news.detik.com/berita/d-5545503/analisis-gempa-manokwari-selatan-magnitudo-diperbarui-jadi-m-49,https://akcdn.detik.net.id/community/media/visual/2019/07/05/a5bcecfe-5134-4905-a351-5b00d294c182_43.jpeg?w=210&q=90
Meninggalnya Hubert Henry Boomerang yang Dikenal Low Profile dan Humanis,https://news.detik.com/berita-jawa-timur/d-5545501/meninggalnya-hubert-henry-boomerang-yang-dikenal-low-profile-dan-humanis,https://akcdn.detik.net.id/community/media/visual/2021/04/24/hubert-henry-boomerang_43.jpeg?w=210&q=90
"Nekat Mudik ke Solo Diisolasi 5 Hari, Gibran Pastikan Jokowi Tak Pulang",https://news.detik.com/berita-jawa-tengah/d-5545493/nekat-mudik-ke-solo-diisolasi-5-hari-gibran-pastikan-jokowi-tak-pulang,https://akcdn.detik.net.id/community/media/visual/2020/05/22/57b86b3d-f72b-4c5d-993c-2dadf0973b08_43.jpeg?w=210&q=90
"Manokwari Selatan Diguncang Gempa M 5,1, Tak Berpotensi Tsunami",https://news.detik.com/detiktv/d-5545492/manokwari-selatan-diguncang-gempa-m-51-tak-berpotensi-tsunami,https://akcdn.detik.net.id/community/media/visual/2020/09/28/gempa-bumi_43.jpeg?w=210&q=90
"Viral Bocah Sujud Salat Freestyle, MUI: Cukup Ditegur Baik-baik",https://news.detik.com/berita/d-5545490/viral-bocah-sujud-salat-freestyle-mui-cukup-ditegur-baik-baik,https://akcdn.detik.net.id/community/media/visual/2021/04/25/sujud-freestyle_43.jpeg?w=210&q=90
Menag: Semoga Awak KRI Nanggala-402 Tercatat sebagai Syuhada,https://news.detik.com/berita/d-5545489/menag-semoga-awak-kri-nanggala-402-tercatat-sebagai-syuhada,https://akcdn.detik.net.id/community/media/visual/2021/01/19/menag-yaqut-cholil-qoumas-istimewa_43.jpeg?w=210&q=90
Pemimpin Junta Myanmar Sepakat Akhiri Kekerasan di KTT ASEAN,https://news.detik.com/detiktv/d-5545488/pemimpin-junta-myanmar-sepakat-akhiri-kekerasan-di-ktt-asean,https://akcdn.detik.net.id/community/media/visual/2021/04/24/pemimpin-junta-militer-myanmar-jenderal-min-aung-hlaing-tiba-di-bandara-soekarno-hatta-24-april-2021-rusmanbiro-pers-sekretari-4_43.jpeg?w=210&q=90
"Anies Bertemu Khofifah di Balai Kota Madiun, Ada Apa?",https://news.detik.com/berita-jawa-timur/d-5545486/anies-bertemu-khofifah-di-balai-kota-madiun-ada-apa,https://akcdn.detik.net.id/community/media/visual/2021/04/25/gubernur-khofifah-bertemu-gubernur-dki-jakarta-anies-baswedan-di-balai-kota-madiun_43.jpeg?w=210&q=90
"Bikin Heran Walkot, PNS Makassar Punya Ford Mustang-Harley Davidson",https://news.detik.com/berita/d-5545485/bikin-heran-walkot-pns-makassar-punya-ford-mustang-harley-davidson,https://akcdn.detik.net.id/community/media/visual/2019/01/29/7844c46e-a805-47c8-8767-c032e92e88be_43.jpeg?w=210&q=90
"Ricuh Aksi Tolak Tambang di Purworejo, Polisi Tuding Ulah Anarko",https://news.detik.com/berita-jawa-tengah/d-5545483/ricuh-aksi-tolak-tambang-di-purworejo-polisi-tuding-ulah-anarko,https://akcdn.detik.net.id/community/media/visual/2021/04/24/massa-aksi-bendungan-bener-yang-ditangkap-polisi_43.jpeg?w=210&q=90
"News Of The Week: KRI Nanggala-402 Hilang, Rizieq Vs Jaksa",https://news.detik.com/detiktv/d-5545482/news-of-the-week-kri-nanggala-402-hilang-rizieq-vs-jaksa,https://akcdn.detik.net.id/community/media/visual/2021/04/25/news-of-the-week_43.jpeg?w=210&q=90
"Kisah UAS dan Fatimah Az Zahra: Dijodohkan, Taaruf dan Akan Nikah 20 Mei",https://news.detik.com/berita-jawa-timur/d-5545463/kisah-uas-dan-fatimah-az-zahra-dijodohkan-taaruf-dan-akan-nikah-20-mei,https://akcdn.detik.net.id/community/media/visual/2021/04/24/ustaz-abdul-somad-2_43.jpeg?w=210&q=90
"Corona Klaster Kantor Jakarta Naik, Pemprov: Mayoritas Sudah Divaksinasi",https://news.detik.com/berita/d-5545461/corona-klaster-kantor-jakarta-naik-pemprov-mayoritas-sudah-divaksinasi,https://akcdn.detik.net.id/community/media/visual/2021/01/18/ilustrasi-vaksin-pfizer_43.jpeg?w=210&q=90
"Gempa M 5,1 Guncang Manokwari Selatan",https://news.detik.com/berita/d-5545460/gempa-m-51-guncang-manokwari-selatan,https://akcdn.detik.net.id/community/media/visual/2019/07/05/a5bcecfe-5134-4905-a351-5b00d294c182_43.jpeg?w=210&q=90
"Kisah Abdul Sosok DJ, Muncikari dan Bandar Narkoba yang Tobat Jadi Pendakwah",https://news.detik.com/berita/d-5545459/kisah-abdul-sosok-dj-muncikari-dan-bandar-narkoba-yang-tobat-jadi-pendakwah,https://akcdn.detik.net.id/community/media/visual/2021/04/25/abdul-qodir-jaelani_43.jpeg?w=210&q=90
Waspada! Kasus Corona Klaster Kantor di Jakarta Melonjak,https://news.detik.com/berita/d-5545457/waspada-kasus-corona-klaster-kantor-di-jakarta-melonjak,https://akcdn.detik.net.id/community/media/visual/2021/01/27/ilustrasi-virus-corona-covid-19-3_43.jpeg?w=210&q=90
Megawati Minta Semua Pihak Gotong Royong Hadapi Bencana di Indonesia,https://news.detik.com/detiktv/d-5545455/megawati-minta-semua-pihak-gotong-royong-hadapi-bencana-di-indonesia,https://akcdn.detik.net.id/community/media/visual/2021/01/07/screenshot-ketum-pdip-megawati-soekarnoputri-melalui-aplikasi-zoom-dok-istimewa_43.jpeg?w=210&q=90
Momen 12 Pasangan Bukan Suami-Istri di Ciamis Digerebek Satpol PP,https://news.detik.com/detiktv/d-5545453/momen-12-pasangan-bukan-suami-istri-di-ciamis-digerebek-satpol-pp,https://akcdn.detik.net.id/community/media/visual/2021/04/25/sejumlah-pasangan-bukan-suami-istri-diamankan-petugas-di-ciamis_43.jpeg?w=210&q=90
"Tentang 'On Eternal Patrol', Ramai Disebut Kala KRI Nanggala-402 Tenggelam",https://news.detik.com/berita/d-5545451/tentang-on-eternal-patrol-ramai-disebut-kala-kri-nanggala-402-tenggelam,https://akcdn.detik.net.id/community/media/visual/2021/04/21/kapal-selam-kri-nanggala-402-saat-latihan-pratugas-satgas-operasi-pengamanan-perbatasan-pamtas-maphilindo-2017-di-laut-jawa-ju_43.jpeg?w=210&q=90
Cerita Biduanita Dilaporkan Perkosa Remaja Pria dan Pembantahannya,https://news.detik.com/berita-jawa-timur/d-5545449/cerita-biduanita-dilaporkan-perkosa-remaja-pria-dan-pembantahannya,https://akcdn.detik.net.id/community/media/visual/2021/04/24/biduanita-di-kota-probolinggo_43.jpeg?w=210&q=90
Sederet Kepingan dari KRI Nanggala-402 yang Tenggelam,https://news.detik.com/berita/d-5545447/sederet-kepingan-dari-kri-nanggala-402-yang-tenggelam,https://akcdn.detik.net.id/community/media/visual/2021/04/24/penampakan-barang-barang-temuan-kri-nanggala-402-1_43.jpeg?w=210&q=90
"Larangan Diperketat, Masih Ada Pemudik di Jalur Pantura Subang",https://news.detik.com/detiktv/d-5545445/larangan-diperketat-masih-ada-pemudik-di-jalur-pantura-subang,https://akcdn.detik.net.id/community/media/visual/2020/07/29/suasana-di-jalur-pantura-brebes-rabu-2972020_43.jpeg?w=210&q=90
CEO Pfizer Optimis Vaksinnya Kendalikan COVID-19 di India,https://news.detik.com/detiktv/d-5545443/ceo-pfizer-optimis-vaksinnya-kendalikan-covid-19-di-india,https://akcdn.detik.net.id/community/media/visual/2021/04/16/vaksin-pfizer-mungkin-perlu-dosis-ketiga-lalu-vaksinasi-tiap-tahun_43.jpeg?w=210&q=90
Komisi II DPR: Kebijakan e-KTP Transgender Patut Didukung,https://news.detik.com/berita/d-5545442/komisi-ii-dpr-kebijakan-e-ktp-transgender-patut-didukung,https://akcdn.detik.net.id/community/media/visual/2021/01/25/luqman-hakim_43.jpeg?w=210&q=90
Melihat Koleksi Kitab Kuno hingga Al-Qur'an Bertinta Emas di Bantul,https://news.detik.com/berita-jawa-tengah/d-5545441/melihat-koleksi-kitab-kuno-hingga-al-quran-bertinta-emas-di-bantul,https://akcdn.detik.net.id/community/media/visual/2021/04/23/pria-bantul-ini-mengoleksi-naskah-kuno-hingga-al-quran-tulisan-tangan-bertinta-emas-1_43.jpeg?w=210&q=90
Perjalanan KRI Nanggala-402 Hilang Kontak hingga Dinyatakan Tenggelam,https://news.detik.com/berita/d-5545437/perjalanan-kri-nanggala-402-hilang-kontak-hingga-dinyatakan-tenggelam,https://akcdn.detik.net.id/community/media/visual/2021/04/21/ini-potret-kapal-selam-kri-nanggala-402-yang-hilang-kontak-di-bali-4_43.jpeg?w=210&q=90
Foto Populer Sepekan: 'Tsunami' Corona di India-Hilangnya KRI Nanggala,https://news.detik.com/foto-news/d-5544143/foto-populer-sepekan-tsunami-corona-di-india-hilangnya-kri-nanggala,https://akcdn.detik.net.id/community/media/visual/2021/04/25/foto-populer-sepekan_43.gif?w=210&q=90
Doa Ratusan Santri Banyuwangi untuk Awak KRI Nanggala-402,https://news.detik.com/berita-jawa-timur/d-5545440/doa-ratusan-santri-banyuwangi-untuk-awak-kri-nanggala-402,https://akcdn.detik.net.id/community/media/visual/2021/04/25/santri-banyuwangi-gelar-doa-bersama-untuk-awak-kri-nanggala-402-1_43.jpeg?w=210&q=90
MAKI Minta Azis Syamsuddin Klarifikasi Terbuka!,https://news.detik.com/berita/d-5545435/maki-minta-azis-syamsuddin-klarifikasi-terbuka,https://akcdn.detik.net.id/community/media/visual/2021/02/23/boyamin-saiman_43.jpeg?w=210&q=90
Bagaimana Kolom Jenis Kelamin di KTP Transgender? Ini Kata Kemendagri,https://news.detik.com/berita/d-5545429/bagaimana-kolom-jenis-kelamin-di-ktp-transgender-ini-kata-kemendagri,https://akcdn.detik.net.id/community/media/visual/2019/06/11/24eae08e-0d58-4386-98a3-8ecffd131a5f_43.jpeg?w=210&q=90
"Anomali Cuaca Ekstrem Meningkat, Indonesia Diminta Waspada",https://news.detik.com/detiktv/d-5545428/anomali-cuaca-ekstrem-meningkat-indonesia-diminta-waspada,https://akcdn.detik.net.id/community/media/visual/2021/04/04/banjir-bandang-flores-timur-2_43.jpeg?w=210&q=90
Tertangkapnya Pengemudi Porsche Penerobos Busway,https://news.detik.com/berita/d-5545427/tertangkapnya-pengemudi-porsche-penerobos-busway,https://akcdn.detik.net.id/community/media/visual/2021/04/24/porsche-putih-penerobos-busway-di-jaksel-diamankan-polisi-rakha-ariyanto-darmawandetikcom_43.jpeg?w=210&q=90
"MUI Imbau Salat Idul Fitri di Rumah, Muhammadiyah Setuju",https://news.detik.com/berita/d-5545422/mui-imbau-salat-idul-fitri-di-rumah-muhammadiyah-setuju,https://akcdn.detik.net.id/community/media/visual/2018/05/30/eafc20b3-df3c-40a9-86e6-d686e598ba70_43.jpeg?w=210&q=90
Kisah Abdul Sosok DJ Mucikari Tobat Jadi Pendakwah,https://news.detik.com/detiktv/d-5545421/kisah-abdul-sosok-dj-mucikari-tobat-jadi-pendakwah,https://akcdn.detik.net.id/community/media/visual/2021/04/25/thumbnail-sosok-dj-mucikari_43.jpeg?w=210&q=90
Jagalah Sholatmu!,https://news.detik.com/infografis/d-5545318/jagalah-sholatmu,https://akcdn.detik.net.id/community/media/visual/2021/04/24/mutiara-ramadhan-umar-bin-khattabn3_43.jpeg?w=210&q=90
Janji KPK Tak Pandang Bulu Usut Azis Syamsuddin,https://news.detik.com/berita/d-5545418/janji-kpk-tak-pandang-bulu-usut-azis-syamsuddin,https://akcdn.detik.net.id/community/media/visual/2021/03/02/gedung-baru-kpk-2_43.jpeg?w=210&q=90
Polisi Sebar Informasi Hilangnya Istri yang Disayembara Rp 125 Juta,https://news.detik.com/berita/d-5545415/polisi-sebar-informasi-hilangnya-istri-yang-disayembara-rp-125-juta,https://akcdn.detik.net.id/community/media/visual/2021/04/23/ini-foto-foto-ervina-lubis-warga-riau-yang-hilang-dan-disayembarakan_43.jpeg?w=210&q=90
Kemenag: Salat Idul Fitri di Masjid/Lapangan Bisa Dilakukan dengan Syarat,https://news.detik.com/berita/d-5545413/kemenag-salat-idul-fitri-di-masjidlapangan-bisa-dilakukan-dengan-syarat,https://akcdn.detik.net.id/community/media/visual/2020/12/17/dirjen-bimas-islam-kemenag-kamaruddin-amin_43.jpeg?w=210&q=90
Fakta Penting Tenggelamnya Kapal Selam KRI Nanggala-402,https://news.detik.com/berita/d-5545407/fakta-penting-tenggelamnya-kapal-selam-kri-nanggala-402,https://akcdn.detik.net.id/community/media/visual/2021/04/21/kri-nanggala-402-pada-tahun-2014-1_43.jpeg?w=210&q=90
Pertunjukan Seni di Masjid,https://news.detik.com/berita/d-5545321/pertunjukan-seni-di-masjid,https://akcdn.detik.net.id/community/media/visual/2020/08/19/nasaruddin-umar_43.jpeg?w=210&q=90
Melihat Asyiknya Komunitas Skateboard Karawang Menunggu Waktu Sahur,https://news.detik.com/berita-jawa-barat/d-5545398/melihat-asyiknya-komunitas-skateboard-karawang-menunggu-waktu-sahur,https://akcdn.detik.net.id/community/media/visual/2021/04/25/komunitas-skateboard-karawang_43.jpeg?w=210&q=90
KRI Nanggala-402 Tenggelam di Palung Laut Berarus Kencang,https://news.detik.com/berita/d-5545397/kri-nanggala-402-tenggelam-di-palung-laut-berarus-kencang,https://akcdn.detik.net.id/community/media/visual/2021/04/21/kri-nanggala-402_43.jpeg?w=210&q=90
"Konon Sunan Muria Pernah Membakar Masjid Lho, Bagaimana Ceritanya?",https://news.detik.com/berita-jawa-tengah/d-5544840/konon-sunan-muria-pernah-membakar-masjid-lho-bagaimana-ceritanya,https://akcdn.detik.net.id/community/media/visual/2021/04/22/masjid-sunan-muria-1_43.jpeg?w=210&q=90
detikKultum Prof Nasaruddin Umar: Kalian Mau ke Mana?,https://news.detik.com/berita/d-5545396/detikkultum-prof-nasaruddin-umar-kalian-mau-ke-mana,https://akcdn.detik.net.id/community/media/visual/2020/06/26/nasaruddin-umar_43.jpeg?w=210&q=90
"'Tsunami' Corona India, Acuan Pemerintah Perketat Larangan Mudik",https://news.detik.com/detiktv/d-5545395/tsunami-corona-india-acuan-pemerintah-perketat-larangan-mudik,https://akcdn.detik.net.id/community/media/visual/2019/12/05/5282b966-395a-4947-a348-0c4fc4f1d894_43.jpeg?w=210&q=90
Kalian Mau Ke Mana?,https://news.detik.com/detiktv/d-5545394/kalian-mau-ke-mana,https://akcdn.detik.net.id/community/media/visual/2021/04/25/thumbnail-kultum-nasaruddin-umar_43.png?w=210&q=90
Otak Kudeta Myanmar Hadiri KTT ASEAN Tuai Protes Massa,https://news.detik.com/berita/d-5545393/otak-kudeta-myanmar-hadiri-ktt-asean-tuai-protes-massa,https://akcdn.detik.net.id/community/media/visual/2021/04/24/pemimpin-junta-militer-myanmar-jenderal-min-aung-hlaing-tiba-di-bandara-soekarno-hatta-24-april-2021-rusmanbiro-pers-sekretari-3_43.jpeg?w=210&q=90
Cek Lur! Jadwal Imsak di 35 Daerah Jawa Tengah,https://news.detik.com/berita-jawa-tengah/d-5545202/cek-lur-jadwal-imsak-di-35-daerah-jawa-tengah,https://akcdn.detik.net.id/community/media/visual/2021/04/21/ilustrasi-ramadhan-atau-ramadan_43.jpeg?w=210&q=90
"PSU Pilkada Labuhanbatu, Erik-Ellya Kini Unggul",https://news.detik.com/berita/d-5545389/psu-pilkada-labuhanbatu-erik-ellya-kini-unggul,https://akcdn.detik.net.id/community/media/visual/2020/12/11/pilkada-asmat_43.jpeg?w=210&q=90
Jadwal Imsak untuk Yogya dan Sekitarnya 25 April,https://news.detik.com/berita-jawa-tengah/d-5545290/jadwal-imsak-untuk-yogya-dan-sekitarnya-25-april,https://akcdn.detik.net.id/community/media/visual/2021/04/16/miniatur-masjid-raya-baiturrahman-aceh-yang-ada-di-bantul-daerah-istimewa-yogyakarta-diy-1_43.jpeg?w=210&q=90
"Razia Pekat, Satpol PP Ciamis Amankan 12 Pasangan Bukan Suami Istri",https://news.detik.com/berita-jawa-barat/d-5545388/razia-pekat-satpol-pp-ciamis-amankan-12-pasangan-bukan-suami-istri,https://akcdn.detik.net.id/community/media/visual/2021/04/25/sejumlah-pasangan-bukan-suami-istri-diamankan-petugas-di-ciamis_43.jpeg?w=210&q=90
"Budidaya Maggot, Ponpes di Cirebon Ini Sukses Jaga Lingkungan-Wirausaha",https://news.detik.com/berita-jawa-barat/d-5545383/budidaya-maggot-ponpes-di-cirebon-ini-sukses-jaga-lingkungan-wirausaha,https://akcdn.detik.net.id/community/media/visual/2021/04/25/santri-di-ponpes-cirebon_43.jpeg?w=210&q=90
Polemik Wapres Ingin Santri Dapat Dispensasi Mudik,https://news.detik.com/berita/d-5545376/polemik-wapres-ingin-santri-dapat-dispensasi-mudik,https://akcdn.detik.net.id/community/media/visual/2021/03/02/wakil-presiden-maruf-amin_43.jpeg?w=210&q=90
Perjalanan KRI Nanggala-402 Hingga Dinyatakan Tenggelam,https://news.detik.com/detiktv/d-5545370/perjalanan-kri-nanggala-402-hingga-dinyatakan-tenggelam,https://akcdn.detik.net.id/community/media/visual/2021/04/21/ini-potret-kapal-selam-kri-nanggala-402-yang-hilang-kontak-di-bali-4_43.jpeg?w=210&q=90
"Sayembara Rp 125 Juta, Suami Cari Istri Hilang hingga ke Jambi",https://news.detik.com/berita/d-5545363/sayembara-rp-125-juta-suami-cari-istri-hilang-hingga-ke-jambi,https://akcdn.detik.net.id/community/media/visual/2021/04/23/ini-foto-foto-ervina-lubis-warga-riau-yang-hilang-dan-disayembarakan_43.jpeg?w=210&q=90
Harapan Oksigen KRI Nanggala-402 Bisa 5 Hari Bertahan,https://news.detik.com/berita/d-5545358/harapan-oksigen-kri-nanggala-402-bisa-5-hari-bertahan,https://akcdn.detik.net.id/community/media/visual/2021/04/21/kri-nanggala-402-1_43.jpeg?w=210&q=90
Ini Jadwal Imsak dan Buka Puasa untuk Jatim pada 25 April 2021,https://news.detik.com/berita-jawa-timur/d-5545357/ini-jadwal-imsak-dan-buka-puasa-untuk-jatim-pada-25-april-2021,https://akcdn.detik.net.id/community/media/visual/2021/04/21/ilustrasi-ramadhan-atau-ramadan-1_43.jpeg?w=210&q=90
Simak Jadwal Imsak-Buka Puasa di Jakarta 25 April,https://news.detik.com/berita/d-5545356/simak-jadwal-imsak-buka-puasa-di-jakarta-25-april,https://akcdn.detik.net.id/community/media/visual/2019/05/17/8db05269-7853-4b3f-9bdc-fe9730b3097a_43.jpeg?w=210&q=90
1 Miliar Lebih Dosis Vaksin COVID-19 Sudah Diberikan di Dunia,https://news.detik.com/internasional/d-5545354/1-miliar-lebih-dosis-vaksin-covid-19-sudah-diberikan-di-dunia,https://akcdn.detik.net.id/community/media/visual/2021/03/23/ilustrasi-vaksin-nusantara_43.jpeg?w=210&q=90
"Bukber Kantor Desa di Sukabumi Ricuh, Kaca Jendela Pecah",https://news.detik.com/berita/d-5545346/bukber-kantor-desa-di-sukabumi-ricuh-kaca-jendela-pecah,https://akcdn.detik.net.id/community/media/visual/2021/04/25/bukber-kantor-desa-di-sukabumi-ricuh-kaca-jendela-pecah_43.jpeg?w=210&q=90
Firasat Ibu Awak KRI Nanggala-402 di Bojonegoro,https://news.detik.com/berita-jawa-timur/d-5545345/firasat-ibu-awak-kri-nanggala-402-di-bojonegoro,https://akcdn.detik.net.id/community/media/visual/2021/04/25/rumah-ibu-kopda-mes-khoirul-faizin_43.jpeg?w=210&q=90
Netanyahu Serukan Semua Pihak Tenang Usai Bentrokan di Yerusalem,https://news.detik.com/internasional/d-5545336/netanyahu-serukan-semua-pihak-tenang-usai-bentrokan-di-yerusalem,https://akcdn.detik.net.id/community/media/visual/2020/08/14/benjamin-netanyahu_43.jpeg?w=210&q=90
